Full Name,City
Joseph Zaniolini,Pedro Leopoldo
Freida Drillingcourt,Buri
Nanni Herity,Claver
Orazio Frayling,Kungur
Julianne Murrison,Sainte-Luce-sur-Loire
Lucy Gamet,Pak Phli
Dyana Howatt,Palmares
Kassey Herion,Z·kynthos
Chrissy Hedworth,Boevange-sur-Attert

Hyatt Gasquoine,Z≈Çoty Stok
Felicdad Tarr,Salamnunggal
Andrew Bath,El Hermel
Lucais Chastang,Tilburg
Car Cerie,Shofirkon
Alvera Jepp,New Sibonga
Prescott Caldeiro,Patzic√≠a
Nariko Clunie,Umuarama
Kalvin Rois,Marsh Harbour
Isa Boycott,Kalix
Benedetta Glanert,Tianxin
Poul Caroli,Dingcheng
Virgie Dran,Changpu
Gillie Roantree,Lirung
Tabor Dawidowitsch,Lamalera
Sarina Choulerton,√çquira
Elbert Seawell,Vit√≥ria
Danita Aldrin,Bringinanom
Jone Dank,Xiancun
Merralee Lampel,West Hartford
Charyl Halstead,Las Vegas
Giuseppe Karolowski,Mlangali
Sutherlan Mundee,Keluke
Alexander Oldershaw,Capit√°n Bado
Blayne Mattusevich,Vykhino-Zhulebino
Alfredo Bohlens,Lazaro Cardenas
Harman Braidwood,T√§by
Haslett Sudron,Oyabe
Jeanelle VanBrugh,Weifen
Hetty Lightollers,Ch√¢teau-Richer
Elmira Goodhand,Nytva
Granger Lewerenz,Itambacuri
Tobie Lewson,Lushikeng
Knox Sainteau,Jiezi
Eliot Vedekhov,Stockholm
Honey Crenshaw,Nanyue
Karmen Soppitt,Anseong
Fairleigh Sivess,Vienna
Angelina Stranio,Chitral
Lilla Erni,Jiannan
Penn Batson,Caldas Novas
Salvidor Cawthry,Habartov
Ker Kellock,Guanlu
Lorne Smouten,Nice
Elijah Sore,La Romana
Paxton Chsteney,Labin
Ernie Eddies,KsiƒÖ≈º Wielkopolski
Deb Endicott,Gamag≈çri
Morna Masse,Itaparica
Gregorius Drains,Medovene
Raynard Teaz,BirƒÅtnagar
Harrietta Northey,Columbus
Cariotta Le Breton De La Vieuville,Guanqian
Lisetta Allbones,Higetegera
Danielle Jeduch,Dadiharja
Ingra Andriolli,Dananshan
Ferdinand Cruickshanks,Saint Cloud
Salomi Pinnock,Venda
Lurlene Snazel,Hitiaa
Penni Sells,Asahi
Stormie Dougal,Woniuhe
Baily Hallwell,Taytayan
Kristofor Recke,Lukavec
Cherey Dorricott,Bataban√≥
Phillip Bartolijn,Huskvarna
Karil Hefford,P≈ô√≠bor
Loise Issacof,Shangdongjie
Rickie Laybourn,Nova Varo≈°
Orella Giacomuzzo,Uglich
Calli D'orsay,Fort Lauderdale
Harli Fakeley,Tempaling
Edvard Morilla,Emiliano Zapata
Almira Eastmead,G√∂teborg
Kort Blooman,Oenaik
Sigmund Sessions,Bordeaux
Winna Dodshon,Casselman
Norton Raiston,Rudnyy
Moss Doche,Egvekinot
Jeanna Mazey,Wolomoni
Kerrin Rojahn,Sonder
Luca Frazier,Safed
Faina Jarville,Limoges
Skelly Cragg,Wang Saphung
Mike Kennewell,Pinghu
Trever Bradie,Pryluky
Ferdinande Drought,Paj√©
Brenda Guiel,Bilalang
Matthiew Vanyukov,Nehe
Rosalie Stribbling,Chinameca
Flor Giuron,Forssa
Ax Bristowe,Francisco Beltr√£o
Guglielma Magenny,Otjimbingwe
Kyla Crosse,Orissaare
Brittan Bubb,Bech
Corri Rubinowicz,Bhamdo√ªn el Mhatta
Korney Prestidge,Gaobu
Paddie Dary,Xukou
Ase Fibbens,√ñrebro
Susi Pawsey,Cou√ßo
Jo Walak,Dyurtyuli
Ardelia Vasilyonok,Yege
Alis Stammer,Panggung
Al Gravatt,Rio Me√£o
Osborne Fendlow,Uzdin
Brook Purvey,Dahewan
Mag Feechan,Dijon
Luigi Reaveley,Loei
Tymon Castro,Utrecht
Minnaminnie MacNair,Desƒì
Hugues MacFarlane,Albuquerque
Fianna Moizer,Esperanza
Morton Derby,Sentani
Carita Tomet,Ecroignard
Beulah MacGowan,Aquiraz
Etta Riccardelli,Yangyuan
Udall Chevers,Santa Mar√≠a del Real
Javier Spitell,Qinghua
Munmro Snelling,Chinju
Carina Moxon,Wangjiang
Crissy Murdie,Santana do Livramento
Karrah Danshin,Dizangu√©
Idalina Hartup,Lyon
Denice Cargon,Huai Mek
Courtnay Tosh,Yonago
Harp Szymoni,Rosa Zarate
Franklin Tregian,Rinconada
Celestyna Jacquemy,Tangba
Silva Pittham,Rayevskiy
Kendra Arnow,Lai Lai Bisi Kopan
Cordie Monier,Mekarsari
Tabbitha Padbery,Cangchang
Haydon Sheran,Vsevolozhsk
Halli Clempton,Pamedaran
Gwenette Helling,Santiago Atitl√°n
Ermina Carff,≈†abac
Tedd Howler,Beiyuan
Wren Janc,Ngampon
Anatola Upsale,Murici
Ken Muirhead,Sete Lagoas
Jerri Bohje,Sanfang
Julie Kopacek,Borova
Ingelbert Loveday,S√£o Leopoldo
Elaina Yanez,Barrƒ´ ash Sharqƒ´
Uri Aven,Wichit
Ally Clausen-Thue,Xinxiang
Ki Clew,Cristalina
Francesca Cottham,Viga
Aida Mundy,Liaodian
Aloin Dimelow,Bandjoun
Edgar Raithbie,Bau
Thorvald Gunstone,Berat
Temp Karet,Baishui
Corinna Naismith,Zgornje Pirniƒçe
Cinnamon Birchenhead,Nyima
Tilda Couser,Mayingzhuang
Tildi Kimbell,Bela Vista do Para√≠so
Jeno Marran,Pocpo
Mariska Noble,Luxi
Rozelle Northrop,Chajar√≠
Petey Thompkins,Librazhd-Qend√´r
Alvie Pyffe,Villeta
Kev MacKniely,Candelaria
Matelda Wycliffe,Lurugan
Leoline Flawith,Sumuranyar
Malachi Fodden,Shengli
Pierrette Abramow,Pingshan
Lynn Sames,Tarxien
Krisha Jinkins,Odessa
Cassie Bramich,Guashe
Cynthia MacTurlough,Outjo
Care Lademann,Lyon
Torrey Nye,Ol Kalou
Conni Higgan,Ambatondrazaka
Franky Casarini,Meikeng
Alva Feechan,Priiskovyy
Gaby Synder,Balkanabat
Andy Varley,Chechenglu
Ronda Heavens,Gelgaudi≈°kis
Elwin Hounsham,Tinta
Faythe Pither,Z√°rate
Carling Arkell,Huotian
Kurtis Saddington,Dobro≈°te
Dennison Woolatt,Ciudad Barrios
Leda Luchetti,Kurikka
Britt Vile,Ci√©naga de Oro
Gertrude Iddison,Gribanovskiy
Kathi Kerne,Vila Verde
Caitlin Zannutti,Luodian
Sanson Ramelot,Mercedes
Krista Cowoppe,Xiugu
Laurella Hotchkin,Kashmor
Juliane Koba,Quanyang
Tobe Hamlyn,Oleszyce
Neddie Kwietek,Klichaw
Dav Donet,Cabinda
Amelia Peggs,Yashikera
Robby Heijnen,Rosh Ha‚ÄòAyin
Loria Serrier,Tushi
Nan Witch,Grande Rivi√®re Noire
Mauricio Curr,Satinka
Micheal Whiteson,Energetik
Denys Esmonde,Pantian
Sibilla Stachini,Rio Grande da Serra
Enrique Roman,Gunungmalang Satu
Edyth Macartney,Preobrazheniye
Lisetta Bigglestone,Baikouquan
Colin Younghusband,Bojong
Britni Cottham,K√∂ln
Matias Tudor,ƒåeladn√°
Carina O' Ronan,Lianzhou
Albrecht Airds,Palaiomon√°stiron
Randy Sazio,Shuangxiqiao
Timmie Scotti,Banyuresmi
Gerik Milligan,San Isidro
Ardys Diben,Petit Valley
Ellery Bruni,Prienai
Clarence Blenkiron,Phan Thong
Jackie Jiruch,Norrahammar
Melisent Northwood,Guilmaro
Jeffy Dalliston,Campamento
Joanne Lyburn,Guitang
Yulma Castagneri,Irec√™
Marielle Chrystal,Paragominas
Haskell Klimshuk,D≈Çut√≥w
Cob Mardall,Viljoenskroon
Shep Voyce,Kumanis
Geno Crayden,K√∏benhavn
Friedrich Giblin,Santa Fe
Desmund Belamy,Oefau
Rafe Wratten,Ncue
Flo Sorrie,Rachanie
Elvina Dulwitch,Gilowice
Dell Rafe,Esp√≠rito Santo do Pinhal
Diena Jahan,Kotakan Selatan
Gino Skuce,Dingle
Heath Eastmond,Akhaltsikhe
Meg McKirdy,Shuitou
Hastie Hadley,RMI Capitol
Westleigh Willetts,Berthierville
Lee Bagnal,Psygansu
Hildegaard Fairey,Thanatpin
Easter Hamshere,DalgƒÅn
Elton Tows,Yamkino
Verile Gunning,Barmash
Brandtr Margeram,Nasilava
Ozzie Zecchii,Ruy Barbosa
Daniella Jindra,Yelets
Shoshanna Stollsteimer,Az Zuwaytƒ´nah
Benton Jahnig,Avdzaga
Noel Selliman,≈Ωirovnice
Clarke Tidcomb,Budayuan
Brigitta Haquin,Huangjinjing
Claribel Dosedale,Dasol
Gallard Wanden,Wartburg
Marleah Shevlan,Semey
Saundra Butterfint,Sincelejo
Opalina Bleier,Monte Carmelo
Shaughn Antoniades,LumphƒÉt
Kathleen Treswell,Binlod
Mufinella Santo,Pavlodar
Marlin Wheeliker,N√Æmes
Aldon Wozencraft,Liangdang Chengguanzhen
Beaufort Petrello,Diadi
Marmaduke O'Malley,Zapolyarnyy
Kathryn MacManus,Anabar
Eve Clother,Mil√≠n
Obediah Janus,Pontinha
Emmy Negri,Karangori
Mill Wesson,N≈çgata
Tiertza Bullivent,MehrƒÅbpur
Berne Scrivener,Weichanglu
Rozella Shirlaw,Manique de Baixo
Emmit Cruttenden,Guanshui
Iseabal Terron,Krasiczyn
Michele Garritley,Morcellemont Saint Andr√©
Theodoric Deave,Ugljan
Sibilla Alesi,Xingou
Erick Austick,Longvic
Hercules Dowall,Talisayan
Ellene Glisane,Palue
Bren Marchenko,Songculan
Oralee Letchmore,Mayenne
Hamilton Horsley,Namur
Fanya Gartan,Vancouver
Godfrey Cattrell,Abdurahmoni Jom√≠
Vania Sinnott,Qiaolin
Osmond Reichert,Jixin
Colline Meadowcroft,Capalonga
Marybelle Neathway,Kaduluhur
Laetitia Sidry,Villa General Belgrano
Gasparo Burr,Emiliano Zapata
Darin Gitting,Jinpanling
Lotti Linnock,Binkolo
Lilly Annear,Savonlinna
Freda Winslade,Tayum
Stavros McGeady,Aketi
Marje Fordyce,Rinbung
Willard Widdall,Bagn√®res-de-Bigorre
Meridel Ledford,Doong
Catrina Whiskerd,Halimaung Jaya (F-3)
Chucho Lewton,AsadƒÅbƒÅd
Rakel Fitzsymons,Gaoleshan
Caye Canton,Verkhnyaya Belka
Clari Thowless,Su·∏©ayl ShibƒÅm
Thia Vasyanin,San Francisco
Laird Insoll,Torbay
Jany Holbie,Santa Clara
Adlai Harm,Francisco I Madero
Doy Riccetti,Mengdadazhuang
Elvera Bowdrey,Uru√ßuca
Kalli Critcher,Xinbao
Carny Growden,Obiliq
Brook Caff,Xue‚Äôan
Frankie Warburton,Tanghu
Mahmud Ferby,Odolan√≥w
Tamas MacPaik,Bashan
Tulley Twiggs,Cergy-Pontoise
Tony Venny,Dabaozi
Dwain Verrick,Avellaneda
Adaline Gligoraci,Megion
Bronny Innman,An Ch√¢u
Sydel Sherland,Santana do Para√≠so
Nelie Barnard,Citeguh
Keary Jamary,Mae Ramat
Elwood Mingardi,Lodan Wetan
Ellwood Meegan,Blama
Berry Gribbins,Lukunor
Alys Gerge,Grujugan
Mufinella Harcus,Polyarnyye Zori
Nap Messiter,Fundong
Hy Drewry,Fernand√≥polis
Maressa Andras,Mapusagafou
Gayla Hebbes,Abomsa
Stephenie Hurt,Zharkent
Sergei Blumson,Daping
Berke Fashion,Eixo
Gal Bestiman,Moraz√°n
Rosalind Macieja,Cuispes
Roderick Hush,Tianhe
Libbie Gabbotts,Tilburg
Pippy Thickins,Benisheikh
Manny Denny,Kae Dam
Florie Cuthbertson,Goi√°s
Simone McMychem,Sieradza
Lyn Chivers,Ash ShaddƒÅdah
Devlin Woodhouse,Turirejo
Dulcie Dower,Milaor
Aaron Baker,Bandarbeyla
Benedikta O'Crevan,KƒÅlƒ´ganj
Saudra McGrill,Pombas
Meggy Birbeck,Donnycarney
Link McGuinness,Semiletka
Bertha Vondrach,Can-Avid
Nert Finby,Cruz Alta
Fairleigh Brunt,Shipaidong
Genni Cabrales,Dƒôbno
Rosella Kenney,Bordeaux
Rodrique Elderbrant,Qinghe
Moise Kaspar,Vyatskiye Polyany
Betteann Mayall,Nanton
Colleen Ikringill,Canto
Eleni Yakushkev,Cukangpanjang
Carolus Sainz,N'Djamena
Towney Slimme,Kthella e Ep√´rme
Fifine Petto,Kunheda Woerzu Manzu
Ernesto Schlag,La√Ø
Rorke Coot,Barbosa
Courtney Terry,Mthatha
Delinda Jirka,Ombou√©
Kipp Grigoletti,Girihieum
Bailey Colbeck,Da‚Äôan
Wilburt Gopsall,Kolonnawa
Venita Bainbridge,Dessalines
Lelia Collingworth,El Quetzal
Kate Cusworth,Hostivice
Lenore Domenicone,Jaworze
Fidole Drillingcourt,Daejeon
Kariotta Diloway,Macabugos
Camila Beveredge,Pingshan
Myrwyn Marcham,Muroto-misakicho
Stephi Miskimmon,Arrap‚Äôi
Averill Sciusscietto,Sumbuya
Caleb Satch,Schengen
Curt Rowlands,Pulau Pinang
Randie McKennan,Sanqu
Jacenta Follacaro,Kyaikkami
Danie Baddam,Rosario de Lerma
Lucius Rankmore,Sunchales
Teddie Iglesia,Miatli
Chaunce Boyse,Pantukan
Gerrie Cronkshaw,Shanshu
Alexandra Ortsmann,L√ºhua
Jillian Larrett,T√°la
Jens Shewan,Donggou
Lloyd Staunton,Casal Novo
York Tockell,Andrushivka
Gardiner Watterson,Hane
Ernesto Doughartie,Xishiqiao
Lanni Nice,Wutongkou
Jeannie Slane,Al Marj
Obediah Akers,Khoa
Minnnie Tomkinson,Starotitarovskaya
Salomone Arsey,Gorobinci
Vernen Linnock,Dusun Tengah Cihaurbeuti
Ignatius Fleeman,Qiting
Orton Motte,Trasak
Ferdinande Vasenkov,Ratchasan
Sayer Derks,Tayang
Joycelin MacCallion,Baixi
Marice Armin,Agrela
Misti Feaveer,Pital
Myles Gordge,V√©gueta
Anissa Trowler,Kuching
Willi Human,Guaitarilla
Branden Muglestone,Xilanqi
Saxe Hegdonne,Wichit
Therine Kelsell,Cawayan
Pietrek Athersmith,Chichigalpa
Humberto Bengtsen,Malveira
Lilli De Bruijne,Tawangrejo
Lizette MacCard,Cerca la Source
Edwina Colleer,Yezhu
Channa Kuhnhardt,San Cristobal
Melva Walbrook,Vin‚Äôkivtsi
Carlie Belone,Yichun
Christiano Bru,Bicas
Mary Reven,Faqq≈´‚Äòah
Sib Chavey,Kotlovka
Aurlie Mossop,Sioah
Antonina Evershed,Tubajon
Ajay Orth,Calachuchi
Ollie Codlin,Pingtang
Boycey Chanter,Th·ªã Tr·∫•n Ngan D·ª´a
Flory Coch,San Pedro Ayampuc
Donavon Lackeye,Praia da Tocha
Vivyan Staley,Cibaregbeg
Robinetta Perse,San Cristobal
Lisbeth Huetson,Medveƒëa
Sidonnie Ianelli,Luopioinen
Yetty Creebo,Bachok
Reuven Surgeon,√çnfias
Tommi Gooda,Zoushi
Mac Edelston,Jednoro≈ºec
Lavinia Englefield,≈Ωamberk
Randall Balser,Bronnitsy
Griffy Anand,Masebewa
Penni Sharpley,Cawayan Bugtong
Torr Briggdale,Krajan Kerjo
Sauveur Povele,Nangalisan
Bea Vallerine,Fey·∫ïƒÅbƒÅd
Holt Strippling,Serere
Dell Blewitt,Shangju
Anett Bertrand,Okazaki
Alford Rowbottom,Kista
Merralee Fidelli,Tovaƒçov
Fidole Hove,Komyshnya
Eldredge Corbally,Reszel
Carlin Mc Combe,Ch√¢tellerault
Penelope Rehme,Habana del Este
Susann Sciusscietto,Dayangqi
Zorah MacMenemy,Olival Basto
Andrew Label,Playas
Claudina Scogin,Zu√©noula
Skippie Obern,Chaoyang
Pandora Gadie,Liushi
Evy Hoyer,Kon Tum
Dinny Avo,Wilkowice
Elyn Giraldo,Chervonoarmiys‚Äôk
Brewer Lowdwell,Lanas
Fanya Backshall,Kapchorwa
Brockie Rioch,Ma≈Çkinia G√≥rna
Wyatt Ribbens,Trebisht-Mu√ßin√´
Annette Griffin,Bolorejo
Dorothy Barnard,Olszyna
Lexis Drillingcourt,Ph√∫ Th√°i
Rhodia Bainton,Oslo
Eli Hammerson,Dzerzhinsk
Danella Hancox,Khisarya
Jody Hounsom,Falun
Bradan Crain,Curuman√≠
Asher Roycroft,Oslo
Gaylor Southcott,Shuangquan
Bondy Josefer,Cartagena
Darelle Parkey,Purwosari
Nikos O'Lyhane,Pryamitsyno
Glenn Gellion,√ñrebro
Laryssa Foucher,Baihe
Lewes Bonome,Ribas do Rio Pardo
Taber Critchley,Sterlitamak
Julie Tomaselli,K√∂ln
Jacqueline Bourgourd,Berezna
Ambur Holdey,Sawaengha
Sabine Lyosik,Bayt ‚Äòƒ™n≈´n
Gladys Bandt,Hunkuyi
Paten Vasyukhichev,Nandong
Hunter Creggan,Albuera
Robert Dodridge,San Vicente
Cash Dunklee,Kannabech≈ç-yahiro
Thurstan Broomhall,Baraya
Garald Hackin,Crici√∫ma
Novelia Dureden,Ober√°
Cathlene Elgood,Cibiru
Tyler Latore,Gorskaya
Filbert Bulloch,La Tingui√±a
Katherine Dand,Auch
Ferdy Richold,Eldoret
Warner Almond,Arboga
Lorrie Elcomb,Porteirinha
Granville Garnsworth,Huancabamba
Tye Labon,Skolkovo
Raoul Comelli,Madƒ´nat ‚Äòƒ™s√°
Candida Jikylls,Matadi
Noni Whoston,Columbia
Laurent Althorp,Sarandi
Dwight Messenger,Almolonga
Vinny Riddell,Ungaran
Wendie Shaplin,Puro
Shurwood Sisneros,Pamatang
Brenda Rogliero,Budapest
Alyce Scotter,Daga
Clare Swainson,Combita
Lurleen Kerswill,Himeji
Woodman Hadny,Suci Kaler
Gerianne Tryhorn,Shihua
Avigdor Stadden,Beit Jann
Dennet Plessing,Frederiksberg
Tabbie Farge,Terang
Cristionna MacBain,Waco
Leonie Brocket,Nepomuceno
Lief Bielby,Zubtsov
Kellen Chew,Porsgrunn
Chico Lismore,Canga‚Äôan
Dan Baldetti,Pentecoste
Stormi Schimke,Yonghe
Letta Meneyer,Atlanta
Adah Larder,Arvayheer
Gerri McQuade,Yongfeng
Parke Charteris,Bel√©m
Chico Hardwick,VihƒÅri
Peder Coakley,Libu
Chelsea Verriour,Nijmegen
Carina Yurmanovev,Longxing
Brittne Hawkshaw,Candel√°ria
Candy Dreakin,Sadowie
Raynard Sperring,Huipinggeng
Angel covino,Monkayo
Judy Yesenev,Baisha
Thibaut Demsey,Moret-sur-Loing
Esmaria Tidman,Balungao
Michaela Yandle,Lebak
Lincoln Conboy,Baloc
Bartram Agass,Siyabuswa
Guendolen Iacovino,J√§ppil√§
Glenda Shenley,Ayapa
Dedra Kempe,An√°fi
Paten Selborne,Zhoujiang
Mill Tanguy,Kveda Chkhorots‚Äôq‚Äôu
Jonathan Abbess,Xufu
Lester Dyton,Strum
Hynda Dahlback,Serikbuya
Willi Crannach,Honglai
Hinda Reinisch,Hanban
Margareta Strainge,Xinmin
Modestine Rayer,≈ånoj≈ç
Maurizia Costen,Qiaoxi
Crosby Rosenfelt,Guocun
Willie von Grollmann,Renshan
Laurice Pople,K√°rystos
Colan Cluet,Danxi
Bertina Buist,Moholm
Alli Creedland,Hengdian
Engelbert Fahy,Mogadishu
Arch Wightman,≈ånoj≈ç
Allyn Towl,Taman
Valenka Thirwell,Paccho
Kelsi Roaf,Staraya Derevnya
Elspeth Kleinzweig,≈†abac
Roderick Burgis,Zhaocun
Keven Grinham,S√£o Lu√≠s do Quitunde
Jere Ganley,Paris 12
Larry Sircombe,Tankhoy
Jacques O'Nion,Cisarap
Herbert Sugg,Pathum Thani
Nettle Sinncock,Wilcza
Ogdan Paffot,Beiping
Emile Rosellini,Kedrovoye
Lenee Howsin,Walakeri
Nonie Slaymaker,Wanshan
Wilhelmina Muzzini,Sanli
Lesley Gerok,Sukadana Selatan
Aubrey McIlhagga,Bella Vista
Cassey Juanes,Kafr DƒÅn
Leigh Bernaert,Lianhe
Clarita Nast,Kibuku
Darin Grigoire,Qiaogu
Noemi Tuttiett,Ticrapo
Garrik Pauleau,Matur
Carlos McComiskey,Srabah
Yves Heynel,ChenƒÅrƒÅn
Patric Herculeson,Hanover
Cam Alesbrook,Malata
Nydia Edmenson,Santiago Puringla
Norina Greening,Chengqiao
Alexandros Prettyman,Partille
Neddie Clothier,Jaworzynka
Rudolfo Silly,Donggu
Kerrie Casemore,Pszczyna
Wylie De Fries,Xiaoya
Lea Errington,Santa B√°rbara
Woodrow Brechin,Quint√£
Stafani Boggish,Frederico Westphalen
Jakob Varns,Grabovci
Norma Calley,√úydzen
Victoir Yurenev,Miliangju
Cassey Rockhall,Villejuif
Nilson Kimberley,Videira
Gwendolin Joselson,Liandu
Reggie Bushaway,Carleton Place
Giorgia Dundredge,Yachimata
Pietra McAleese,Dushang
Ellynn Peterken,Farah
Umberto Schermick,Penha
Mildrid Osban,G√∂teborg
Emera Digges,Doba
Krissie Nore,Armenia
Jeannine Phlippsen,Zalishchyky
Wolf Klasen,Dadong
Allistir Rollingson,Uglich
Suzann Hugli,Banjar Jambe Baleran
Nick Lesek,Manggis
Adams Denisevich,Portela
Bird Meritt,Eskilstuna
Erastus Constanza,Mir√≥w
Dinah Jandourek,NawƒÅbganj
Edmund Dales,Chepo
Justin O'Donovan,Cambarus
Aeriela Thumnel,Karlskrona
Abbie Allett,Delgerm√∂r√∂n
Ede Margrem,K≈çriyama
Danette Darcy,Velest√≠no
Betsey Cracknell,Xiawuqi
Ciro Caldicot,San Fernando
Devlen Roast,Kadupinang
Brandy Conichie,Lobanovo
Kimmi Kay,Beiyang
Kincaid Bitcheno,Dasha
Lolita Castelletti,Zbraslavice
Murray MacDermott,Issy-les-Moulineaux
Christie Haggath,Emiliano Zapata
Cassey Swidenbank,Ialoveni
Rozanna Sambiedge,Mniszk√≥w
Alex Ayce,Sankeng
Salvador Daunter,El Rancho
Nobie Winks,Pytalovo
Carling Von Brook,Sambonggede
Lazaro Buckby,Troitsk
Berta Bleackly,Kamuli
Amalee Collocott,Nikopol‚Äô
Penrod Tures,Abejorral
Isa Broxton,Quesada
Bonny Folbige,Hagondange
Nerte Dayly,Zhenchuan
Linet Shiliton,Chuncheon
Misti Lambell,Tokushima-shi
Gwendolin McCart,Gaozhou
Alisander Speenden,Gua√≠ra
Jaquith Satterthwaite,Sydney
Lucie Hadcock,Rogo≈∫nik
Phedra Pampling,Zmiennica
Kenton Toal,Brzyska
Bess Meryett,San Sebasti√°n
Harman Cowburn,Oebatu
Bobbye Rawls,Yongchang
Gasparo Ecclesall,Kota Kinabalu
Deana Glasscoe,Khodasy
Rani Colerick,Daleman
Federico Rudinger,Karlovy Vary
Cyrille Durram,Ungus-Ungus
Gunar Belleny,Tianya
Arabel Denzilow,Ar Rass
Curt Carville,Babiak
Marvin Garshore,Tetyushi
Jonathan Headingham,Miaoya
Jerrilee Saxton,Telnice
Viva Robberts,Capat√°rida
Freeland Stockow,Armenia
Fancy Hengoed,Malita
Dionysus Gresser,Yingshouyingzi
Hebert Madden,Cangyou
Humbert Luigi,Visby
Elladine Corbally,Konin
Trumann McFarlan,Longyuanba
Dan Sawbridge,Vikbolandet
Clerkclaude Timoney,Sancang
Marietta Dench,Kalembutillu
Patty Millimoe,Opinog√≥ra G√≥rna
Jeth Pettiward,Koundara
Marlo Hendrix,Canmore
Marnie Hans,Vysok√© nad Jizerou
Bunni DeSousa,Nanyuan
Frans Kuhl,Chotepe
Cosetta Edgecombe,Matozinhos
Crissy Pinckard,Varva
Ailene Billison,Si Khoraphum
Johna Ellacott,Sura≈º
Candide Shepstone,Druya
Bibi De Banke,Mengdong
Delores Haug,Nanmuping
Kendricks Duigenan,Wierzchucino
Bernie Rattenberie,Cerro Cor√°
Abbe Trevarthen,Nafada
Jae Matyushonok,Bauru
Babs Dixcey,Tripoli
Betta Poxon,Thul
Mame Byatt,Raymond
Jennilee Strasse,Huangge
Sutton Jelk,Sanguinheira
Vannie Landrick,Duncan
Phyllida Kryszka,Orsk
Burt Saffill,Proletar
Nelson Crudginton,Macap√°
Thomasin Robilart,Rad√®s
Lari Tomovic,Fonte da Aldeia
Rica Stable,Osasco
Colver Munnis,Tegalrejo
Jerald Beesley,Parachinar
Reyna Cawtheray,M√°ncora
Buiron Vlasenko,Stam√°ta
Jennine Chartman,El Ret√©n
Dallis Aldus,Bayan Ewenke Minzu
Carlotta McIlvaney,Batou
Tanya Raye,Para√≠so de Chabasqu√©n
Idelle Jupp,Wongaya Kaja
Andeee Stocking,Huesca
Ivie Jewise,Sanjiang
Prentiss Lackington,San Antonio Suchitep√©quez
Nikki Hagerty,Labrador City
Dannie Gowling,Yuqi
Francene Burnes,Sumbersarikrajan
Troy Fawley,Riebi≈Üi
Randi Surr,Dongjingcheng
Skipper Naisbit,Washington
Prince Halso,Bratislava
Dov Apthorpe,Breda
Tilda Milner,Kandi
Siegfried Stewartson,Baykonyr
Ulick Keddie,Bakaran Kulon
Portie Fydoe,El Zapotal del Norte
Matty Souness,Yinhedahan‚Äôer
Mei Hamel,Gebang
Kenton Kegg,Lajeosa do Mondego
Tabbie Wyatt,Niandui
Woody Rooms,Idi Rayeuk
Erina Bocock,Sert√¢nia
Bronnie Lutz,Vologda
Alix Dohmer,Yamkino
Eberto Rumin,Mambusao
Ambrosio Burley,Oxford
Skippy Odell,√âmponas
Killian Tillyer,Veisiejai
Walsh Doni,Nacaome
Roseline Dotterill,Cergy-Pontoise
Ariel MacMarcuis,Winschoten
Sherri Runacres,San Gil
Belita Gorringe,≈Åazy
Britt Kitteman,Bieligutai
Adaline Mahony,Elliot
Simeon Diloway,Changliang
Nealon Dysert,Sayansk
Eduardo Hartman,Krajan Alasdowo
Merline Augustine,Dal‚Äôneye Konstantinovo
Samara Spall,Birowo
Irita Sherratt,Invercargill
Devonna McCaighey,Pervoural‚Äôsk
Ripley McGowran,Triwil
Dom Hailwood,Impalutao
Don Sacco,Kidal
Tammy Lidierth,Athy
Quill Dewey,Metsamor
Jannelle Chuck,Chateaubelair
Tomasine Dennick,Ph·ªß Th√¥ng
Mayne Brusle,Kunheda Woerzu Manzu
Cart Escot,Jarinu
Emerson Southgate,Perbaungan
Gino Delepine,Riz√°ri
Perrine Beranek,Yi√°nnouli
Alfonso Jados,Merritt
Hali Dragonette,Th·ªã Tr·∫•n Cao Phong
Bebe Mellhuish,Matagami
Constantia Tomaskunas,Elias Fausto
Ashley Wollard,Carreira
Aime Bruckman,Baqiao
Temp McMearty,Porsgrunn
Belita Kynge,Batiano
Irma Gillford,Yangxi
Mariejeanne Mound,Tissa
Shannah Daudray,Tagdanua
Wolfy Degli Antoni,Diourbel
Kev Bagniuk,Itaqui
Tobi Doyland,Limeil-Br√©vannes
Daniela Crosskell,Punkaharju
Hayden Quade,Heishan
Jodee Kitteman,Maslovare
Corina Lockart,Hongtang
Delcina MacAnelley,Chumpi
Yuma Tattershall,Paris 17
Jonathon Ipplett,Privlaka
Aura MacMychem,Osias
Pierre Wortman,Mƒõsto
Lowe Scini,Langchi
Giustina Huckabe,Uhersk√Ω Ostroh
Nannie Harrismith,Bayside
Denny Bowry,Krajanjugosari
Carney Maunders,Segong
Fonsie de Marco,Sariw≈èn
Zelig Sparrowhawk,Kolochava
Irvine Mill,Huangni
Gracie Dorsett,Castanhal
Pen Lundy,Richky
Arni Ducarel,Tatarsk
Carrie Goding,Banjarejo
Sonya Clifft,Saynshand
Chilton Josland,Prokhladnyy
Melly Furphy,Sinfra
Nial Garcia,Mauhao
Nerta Patrick,Lom Kao
Kissee Busby,Malhiao
Ellene Rosenstein,Baumata
Jessamine St. Paul,Manadas
Constantino Truin,San Javier
Anitra Kopf,San Agustin
Sigismund Barnish,Izingolweni
Giustina Dumblton,Honglong
Amye Siely,Tv√∏royri
Chaim Miche,Shicha
Chev Polson,Wojasz√≥wka
Sherwin Marriage,Weishan
Babara Konke,Th√†nh Ph·ªë L·∫°ng S∆°n
Ethelind Gloster,Staromyshastovskaya
Betteann Tsarovic,Pukou
Montague Devoy,Topoln√°
Sibelle Godfray,Hato Mayor del Rey
Flinn Daspar,Camiling
Dalis Caves,Umm as SummƒÅq
Christin Worters,Erping
Gayel Goodluck,Boulder
Lilli Skinner,Zhongfang
Norrie Emmanuele,Shucheng Chengguanzhen
Stanislaw McClenan,Poshnje
Leilah St. Leger,P√¥rto Barra do Ivinheima
Ingemar Gierok,Avar√©
Winnah Sprowell,H√§gersten
Kim Boldry,Umm ≈ûalƒÅl ‚ÄòAlƒ´
Katrina Hexam,Bonneuil-sur-Marne
Tucky Tiley,Iowa City
Lanette Trainor,Santa Catalina
Marcia Custy,Sungai
Obadiah Delahunt,Isiro
Denny Avrahamy,Melres
Casey Di Claudio,Fengcheng
Jessie Willimot,Guankou
Hanni MacInherney,Solna
Titos Poppy,Thaba Nchu
Mariann Matyugin,Duyanggang
Kimble Kneebone,G√©fyra
Raynell Tollerfield,Mombasa
Annie Woolford,San Jos√© de Feliciano
Ryun Shearwood,Trinidad
Martynne Valerio,Calle Blancos
Sherman Vaulkhard,Jatipamor
Regina Pemble,El Limon
Aggi Wase,Saint-Laurent-du-Var
Yorke Hurran,Klokot
Miller Kegley,Chengzi
Carlos Kerrich,Pacho
Lezley Langshaw,Trubchevsk
Dewain Goulborn,Banyuurip
Jorgan Kielt,Namayingo
Robinetta Normabell,Zhentian
Webster Leppington,Abejorral
Ruby Farnworth,Jibiya
Rozele Moncarr,Puro
Lorine Warrillow,Rosario de Mora
Minta Counihan,Pingdingshan
Janel Atkirk,Pojok
Adelice Huckerbe,Lisui
Wendy Meynell,Bacacay
Iain Husk,Nyn√§shamn
Antonia Tarbet,Conchucos
Cooper Cloney,Gangjia
Lizzy Spittles,Aleshtar
Bryana Champ,Ca√±as
Georgi Bleas,Corona
Fonsie Bonehill,Aparecida de Goi√¢nia
Phil Tsarovic,Montbrison
Delores Fenwick,Willowdale
Clarisse Tilmouth,Santo Domingo
Abbott Caustic,San Antonio
Martyn Basil,Qulaybƒ´yah
Orly Feirn,La Uni√≥n
Gabriell Winsborrow,Zhulebino
Noreen Glidder,Bestovje
Dorelle Thwaites,LƒÅkshƒÅm
Ted Tatersale,Mangai
Delinda Kiebes,Agdangan
Desirae Clemmey,√ñnd√∂rhoshuu
Carly Suston,Gia Nghƒ©a
Fleming Colls,Pallisa
Terrijo Hemeret,Ueda
Kane Betser,Shyroke
Abner Dalligan,Tirat Karmel
Jolie Brightie,Bodega
Hastings Lockett,Bo≈ôetice
Duffie Andreou,Xiangdong
Darryl Bletsor,Chandler
Loise Shortt,Iitti
Gian Di Biagi,Centralniy
Dallas Rowantree,Tsagaanders
Trevar Monnoyer,V≈© Quang
Lorilyn Panner,Wenwucao
Felipa McKaile,Maciejowice
Tiffanie Ravel,Kamen
Leroy Moizer,Rosh Pinna
Addy Bleesing,Lahad Datu
Dewie Howton,Qingyun
Dianne Esposita,Timiryazevskoye
Verney Legging,Lampitak
Kaitlyn Inge,Pashiya
Erwin Hobson,Kimm√©ria
Aarika Eeles,Dawuhanmangli
Aurora Stockdale,Banz√£o
Catherina Toner,Nguigmi
Claiborne Yanyushkin,Sozopol
Kass O' Concannon,Arƒ´·∏©ƒÅ
Carolina Daddow,Quilman√°
Aaron Antonsen,Bia≈Çobrzegi
Paton Cahalin,Sankera
Angie Spyby,Baku
Karlan Woolgar,Birinci A≈üƒ±qlƒ±
Walsh Pranger,Sulkava
Jacqueline Yglesia,√Ñlvsbyn
Parnell Kinloch,Ro≈æƒèalovice
Shena Townshend,Yong‚Äôan
Kelli Nunn,St. Catharines
Minda Treves,Kurzƒôtnik
Perren Riglar,Cikou
Shurlock Rubanenko,Jishi
Karlik Anan,Shiqian
Mayne Wall,Mulandoro
Catherin Winger,Huangduobu
Sioux Smillie,Nomhon
Tobin Grice,Lokoja
Hercules Curneen,Richmond
Darcie Hubeaux,Loureiro
Ellyn Zwicker,Toguchin
Davide Marrow,Vermil
Finley Riolfi,V√§llingby
Rosemonde Ilyukhov,Namangan Shahri
Marten McKall,San Esteban
Crista Portinari,Sepanjang
Torrence Havoc,Chejiazhuang
Rici Jocic,D≈ôevohostice
Tad O'Loughnan,Karanglincak
Danyelle Aslet,Gjinoc
Wallas Sabberton,Suqu
Genevra Berkery,Oum Hadjer
Roarke Berthe,Mae Fa Luang
Ryan Searson,Pyatigorsk
Kerri Polson,√ñldziyt
Allister Grigorini,Pato Branco
Terese Thoumasson,N≈çgata
Franklyn Ickovitz,Concei√ß√£o das Alagoas
Byrom Trye,Almada
Hamlin Shearston,Potos√≠
Patrizia Drew-Clifton,Guariba
Thane Kindell,Mengcheng Chengguanzhen
Basile Speerman,Tiecun
Jamison Line,Oklahoma City
Ev Tremathack,Xinzha
Care Gladdis,Leles
Gerrie Nilles,Sherwood Park
Bat Tomczynski,‚ÄòArƒ´qah
Bernelle Sheavills,Thanatpin
Alvera Marvelley,Kleszczewo
Lothaire Luxford,Si Racha
Glynn Wakerley,Rennes
Parrnell Jeff,Dengok
Pat Warstall,Ros√°rio do Sul
Willyt Vannuccini,Xiaopingba
Gaelan Petrashkov,Bethlehem
Stirling Francesc,Potok Z≈Çoty
